{
  "AGE": {
    "precision": 0.6666666666666666,
    "recall": 1.0,
    "f1-score": 0.8,
    "support": 2,
    "confused_with": {}
  },
  "PERSON": {
    "precision": 1.0,
    "recall": 1.0,
    "f1-score": 1.0,
    "support": 7,
    "confused_with": {}
  },
  "main": {
    "precision": 0.993006993006993,
    "recall": 0.9895470383275261,
    "f1-score": 0.9912739965095986,
    "support": 287,
    "confused_with": {
      "sub": 2
    }
  },
  "sub": {
    "precision": 0.9956011730205279,
    "recall": 0.9854862119013063,
    "f1-score": 0.9905178701677608,
    "support": 689,
    "confused_with": {
      "main": 1
    }
  },
  "micro avg": {
    "precision": 0.9938650306748467,
    "recall": 0.9868020304568528,
    "f1-score": 0.9903209373408048,
    "support": 985
  },
  "macro avg": {
    "precision": 0.9138187081735468,
    "recall": 0.993758312557208,
    "f1-score": 0.9454479666693398,
    "support": 985
  },
  "weighted avg": {
    "precision": 0.9942086787182579,
    "recall": 0.9868020304568528,
    "f1-score": 0.9904187305013624,
    "support": 985
  }
}