{
  "AGE": {
    "precision": 0.0,
    "recall": 0.0,
    "f1-score": 0.0,
    "support": 2,
    "confused_with": {}
  },
  "PERSON": {
    "precision": 0.6666666666666666,
    "recall": 0.2857142857142857,
    "f1-score": 0.4,
    "support": 7,
    "confused_with": {}
  },
  "main": {
    "precision": 0.0,
    "recall": 0.0,
    "f1-score": 0.0,
    "support": 287,
    "confused_with": {}
  },
  "sub": {
    "precision": 0.9047619047619048,
    "recall": 0.055152394775036286,
    "f1-score": 0.1039671682626539,
    "support": 689,
    "confused_with": {}
  },
  "micro avg": {
    "precision": 0.8888888888888888,
    "recall": 0.04060913705583756,
    "f1-score": 0.07766990291262135,
    "support": 985
  },
  "macro avg": {
    "precision": 0.39285714285714285,
    "recall": 0.0852166701223305,
    "f1-score": 0.12599179206566347,
    "support": 985
  },
  "weighted avg": {
    "precision": 0.6376117959874305,
    "recall": 0.04060913705583756,
    "f1-score": 0.0755668821654503,
    "support": 985
  }
}